baseline_rate,variant_rate,sample_size_per_group,simulations,statistical_power,avg_lift_pct,control_rate_mean,control_rate_std,variant_rate_mean,variant_rate_std,significant_tests_pct,scenario_id,scenario_name,target_metric,expected_lift_pct,test_duration_weeks,implementation_cost,priority
0.02588601983771598,0.033651825789030775,7519,10000,0.7871,30.68372710849347,0.025871033382098688,0.0018401898065236316,0.03364027131267456,0.0020979859685656627,78.71000000000001,S1,Amélioration Photos Produits,view_to_cart,30.0,1,30000,HIGH
0.02588601983771598,0.03624042777280237,4407,10000,0.7822,41.051495639588715,0.025891876560018155,0.0023668424013733474,0.03621529385069208,0.0028317478523624813,78.22,S2,Système Reviews Clients,view_to_cart,40.0,1,15000,HIGH
0.3256242206304556,0.4070302757880695,550,10000,0.7715,25.1802541491688,0.32585327272727277,0.020000992331580297,0.4063645454545454,0.020969667172425845,77.14999999999999,S3,Checkout Simplifié,cart_to_purchase,25.0,1,25000,MEDIUM
0.02588601983771598,0.03882902975657397,2934,10000,0.7799,51.6578738943766,0.02590204498977505,0.002900771290668267,0.038783435582822094,0.003603790474010591,77.99000000000001,S4,Optimisation Prix Compétitifs,view_to_cart,50.0,1,20000,HIGH
0.3256242206304556,0.3744678537250239,1498,10000,0.789,15.155006215549479,0.32563204272363155,0.01216473596815987,0.37445367156208276,0.012434346353791346,78.9,S5,Options Paiement Multiples,cart_to_purchase,15.0,1,10000,MEDIUM
0.00842911503488078,0.01180076104883309,13827,10000,0.7849,41.172869330600385,0.00842736674622116,0.0007811614008975066,0.011794727706660882,0.0009292315441407682,78.49000000000001,S6,Optimisation Weekend,view_to_purchase,40.0,1,18000,HIGH
0.3256242206304556,0.3907490647565467,851,10000,0.7845,20.29962297518641,0.32560305522914224,0.01610159000327377,0.390725499412456,0.016812104838105475,78.45,S7,Programme Fidélité,cart_to_purchase,20.0,1,25000,MEDIUM
0.02588601983771598,0.034946126780916575,5640,10000,0.7835,35.92802277140428,0.025906152482269504,0.0021327852378447702,0.03497235815602837,0.0024538553268643047,78.35,S8,Nettoyage Catalogue,view_to_cart,35.0,1,5000,CRITICAL
