scenario_id,scenario_name,target_metric,control_rate,variant_rate,lift_pct,ci_95_lower,ci_95_upper,p_value_chi2,p_value_ztest,prob_b_beats_a,statistical_power,decision,confidence,n_significant_tests
S1,Amélioration Photos Produits,view_to_cart,0.025836076643876087,0.033247235587068456,0.7411158943192369,0.6548993267990557,0.827332461839418,1.326938871448873e-63,0.0,1.0,1.0,WINNER_VARIANT,HIGH,3
S2,Système Reviews Clients,view_to_cart,0.025833383953941996,0.03679443308293005,1.0961049128988056,1.007465639816188,1.1847441859814232,1.463535960380531e-129,0.0,1.0,1.0,WINNER_VARIANT,HIGH,3
S3,Checkout Simplifié,cart_to_purchase,0.32545900686626916,0.3254843336847381,0.002532681846895146,-0.4019890508404915,0.4070544145342818,0.9939595929691792,0.9902092699605323,0.50524,0.025688755226292867,UNDERPOWERED,LOW,0
S4,Optimisation Prix Compétitifs,view_to_cart,0.025836142479432934,0.038863950453864274,1.302780797443134,1.2120267140413536,1.3935348808449144,7.618231433070502e-174,0.0,1.0,1.0,WINNER_VARIANT,HIGH,3
S5,Options Paiement Multiples,cart_to_purchase,0.3255094726062468,0.325492389933756,-0.0017082672490786877,-0.4032819473107494,0.399865412812592,0.9970705995125048,0.9933476649516977,0.49567,0.025474554800918987,UNDERPOWERED,LOW,0
S6,Optimisation Weekend,view_to_purchase,0.0026799623913088236,0.0037745949173363714,0.10946325260275477,0.08034280777458143,0.13858369743092813,2.072511908928236e-13,1.7430501486614958e-13,1.0,0.9999999680296986,WINNER_VARIANT,HIGH,3
S7,Programme Fidélité,cart_to_purchase,0.3255017388025307,0.32549906748635765,-0.0002671316173041838,-0.4017202726542864,0.401186009419678,1.0,0.9989594126274737,0.49851,0.025072887086508303,UNDERPOWERED,LOW,0
S8,Nettoyage Catalogue,view_to_cart,0.025832032931554026,0.03456938764528627,0.8737354713732243,0.7867710798011929,0.9606998629452557,3.338066303439607e-86,0.0,1.0,1.0,WINNER_VARIANT,HIGH,3
