scenario_id,scenario_name,priority,avg_lift_view_to_cart_pct,avg_lift_cart_to_purchase_pct,avg_lift_view_to_purchase_pct,total_revenue_lift_30d,total_control_purchases,total_variant_purchases,days_significant,max_confidence_level,implementation_cost,expected_lift_pct,roi_30d_pct,annual_revenue_lift,annual_roi_pct
S1,Amélioration Photos Produits,HIGH,28.646666666666665,0.3156666666666667,29.057666666666666,183859.19999999998,2475,3195,28,95.0,30000,30.0,512.86,2237566.46,7358.55
S2,Système Reviews Clients,HIGH,42.383,0.15366666666666667,42.60733333333334,269660.16,2477,3533,30,95.0,15000,40.0,1697.73,3281764.15,21778.43
S3,Checkout Simplifié,MEDIUM,24.586666666666666,0.007,24.595666666666666,1896303.36,30241,37667,30,95.0,25000,25.0,7485.21,23078011.89,92212.05
S4,Optimisation Prix Compétitifs,HIGH,50.41166666666666,0.19866666666666666,50.714666666666666,315624.96,2437,3673,30,95.0,20000,50.0,1478.12,3841155.76,19105.78
S5,Options Paiement Multiples,MEDIUM,15.351333333333335,-0.005333333333333332,15.344,1243347.84,31786,36655,30,95.0,10000,15.0,12333.48,15131543.21,151215.43
S6,Optimisation Weekend,HIGH,40.18933333333334,0.48766666666666664,40.89,81459.84,781,1100,25,95.0,18000,40.0,352.55,991366.25,5407.59
S7,Programme Fidélité,MEDIUM,21.395,-2.312964634635743e-19,21.392333333333333,1691249.28,31075,37698,30,95.0,25000,20.0,6665.0,20582503.74,82230.01
S8,Nettoyage Catalogue,CRITICAL,33.76133333333333,0.2586666666666667,34.11033333333334,216545.28,2482,3330,30,95.0,5000,35.0,4230.91,2635356.06,52607.12
